{
  "timestamp": "2025-11-30T10:46:14.485952",
  "status": "completed",
  "image_dataset": "mnist",
  "args": {
    "runs": 1,
    "sleep_rates": [
      0.0,
      0.1,
      0.2,
      0.3,
      0.4,
      0.5,
      0.6,
      0.7,
      0.8,
      0.9,
      1.0
    ],
    "sleep_max_iters": 10000,
    "on_timeout": "give_up",
    "early_stopping": false,
    "no_sleep": false,
    "normalize_weights": false,
    "image_dataset": "mnist"
  },
  "results_by_sleep_rate": {
    "0.0": [
      {
        "run": 1,
        "sleep_rate": 0.0,
        "image_dataset": "mnist",
        "test_accuracy": 0.4915254237288136,
        "train_accuracy": 0.7649122807017544,
        "val_accuracy": 0.4305555555555556,
        "final_test_phi": null
      }
    ],
    "0.1": [
      {
        "run": 1,
        "sleep_rate": 0.1,
        "image_dataset": "mnist",
        "test_accuracy": 0.8022598870056498,
        "train_accuracy": 0.9686411149825784,
        "val_accuracy": 0.8194444444444444,
        "final_test_phi": null
      }
    ],
    "0.2": [
      {
        "run": 1,
        "sleep_rate": 0.2,
        "image_dataset": "mnist",
        "test_accuracy": 0.7853107344632768,
        "train_accuracy": 0.8989547038327527,
        "val_accuracy": 0.7916666666666666,
        "final_test_phi": null
      }
    ],
    "0.3": [
      {
        "run": 1,
        "sleep_rate": 0.3,
        "image_dataset": "mnist",
        "test_accuracy": 0.6892655367231638,
        "train_accuracy": 0.7909407665505227,
        "val_accuracy": 0.7638888888888888,
        "final_test_phi": null
      }
    ],
    "0.4": [
      {
        "run": 1,
        "sleep_rate": 0.4,
        "image_dataset": "mnist",
        "test_accuracy": 0.6892655367231638,
        "train_accuracy": 0.7735191637630662,
        "val_accuracy": 0.7638888888888888,
        "final_test_phi": null
      }
    ],
    "0.5": [
      {
        "run": 1,
        "sleep_rate": 0.5,
        "image_dataset": "mnist",
        "test_accuracy": 0.7062146892655368,
        "train_accuracy": 0.7770034843205574,
        "val_accuracy": 0.75,
        "final_test_phi": null
      }
    ],
    "0.6": [
      {
        "run": 1,
        "sleep_rate": 0.6,
        "image_dataset": "mnist",
        "test_accuracy": 0.6836158192090396,
        "train_accuracy": 0.7735191637630662,
        "val_accuracy": 0.7638888888888888,
        "final_test_phi": null
      }
    ],
    "0.7": [
      {
        "run": 1,
        "sleep_rate": 0.7,
        "image_dataset": "mnist",
        "test_accuracy": 0.6892655367231638,
        "train_accuracy": 0.7839721254355401,
        "val_accuracy": 0.75,
        "final_test_phi": null
      }
    ],
    "0.8": [
      {
        "run": 1,
        "sleep_rate": 0.8,
        "image_dataset": "mnist",
        "test_accuracy": 0.7005649717514124,
        "train_accuracy": 0.7909407665505227,
        "val_accuracy": 0.7638888888888888,
        "final_test_phi": null
      }
    ],
    "0.9": [
      {
        "run": 1,
        "sleep_rate": 0.9,
        "image_dataset": "mnist",
        "test_accuracy": 0.7005649717514124,
        "train_accuracy": 0.7804878048780488,
        "val_accuracy": 0.7638888888888888,
        "final_test_phi": null
      }
    ],
    "1.0": [
      {
        "run": 1,
        "sleep_rate": 1.0,
        "image_dataset": "mnist",
        "test_accuracy": 0.6949152542372882,
        "train_accuracy": 0.7839721254355401,
        "val_accuracy": 0.7638888888888888,
        "final_test_phi": null
      }
    ]
  },
  "summary": {
    "total_runs": 11,
    "overall_mean_test_accuracy": 0.6938880328710838,
    "overall_std_test_accuracy": 0.07475109009025932,
    "overall_mean_final_test_phi": null,
    "overall_std_final_test_phi": null,
    "per_sleep_rate_summary": {
      "0.0": {
        "mean_test_accuracy": 0.4915254237288136,
        "std_test_accuracy": 0.0,
        "mean_final_test_phi": null,
        "std_final_test_phi": null,
        "best_test_accuracy": 0.4915254237288136,
        "best_final_test_phi": null
      },
      "0.1": {
        "mean_test_accuracy": 0.8022598870056498,
        "std_test_accuracy": 0.0,
        "mean_final_test_phi": null,
        "std_final_test_phi": null,
        "best_test_accuracy": 0.8022598870056498,
        "best_final_test_phi": null
      },
      "0.2": {
        "mean_test_accuracy": 0.7853107344632768,
        "std_test_accuracy": 0.0,
        "mean_final_test_phi": null,
        "std_final_test_phi": null,
        "best_test_accuracy": 0.7853107344632768,
        "best_final_test_phi": null
      },
      "0.3": {
        "mean_test_accuracy": 0.6892655367231638,
        "std_test_accuracy": 0.0,
        "mean_final_test_phi": null,
        "std_final_test_phi": null,
        "best_test_accuracy": 0.6892655367231638,
        "best_final_test_phi": null
      },
      "0.4": {
        "mean_test_accuracy": 0.6892655367231638,
        "std_test_accuracy": 0.0,
        "mean_final_test_phi": null,
        "std_final_test_phi": null,
        "best_test_accuracy": 0.6892655367231638,
        "best_final_test_phi": null
      },
      "0.5": {
        "mean_test_accuracy": 0.7062146892655368,
        "std_test_accuracy": 0.0,
        "mean_final_test_phi": null,
        "std_final_test_phi": null,
        "best_test_accuracy": 0.7062146892655368,
        "best_final_test_phi": null
      },
      "0.6": {
        "mean_test_accuracy": 0.6836158192090396,
        "std_test_accuracy": 0.0,
        "mean_final_test_phi": null,
        "std_final_test_phi": null,
        "best_test_accuracy": 0.6836158192090396,
        "best_final_test_phi": null
      },
      "0.7": {
        "mean_test_accuracy": 0.6892655367231638,
        "std_test_accuracy": 0.0,
        "mean_final_test_phi": null,
        "std_final_test_phi": null,
        "best_test_accuracy": 0.6892655367231638,
        "best_final_test_phi": null
      },
      "0.8": {
        "mean_test_accuracy": 0.7005649717514124,
        "std_test_accuracy": 0.0,
        "mean_final_test_phi": null,
        "std_final_test_phi": null,
        "best_test_accuracy": 0.7005649717514124,
        "best_final_test_phi": null
      },
      "0.9": {
        "mean_test_accuracy": 0.7005649717514124,
        "std_test_accuracy": 0.0,
        "mean_final_test_phi": null,
        "std_final_test_phi": null,
        "best_test_accuracy": 0.7005649717514124,
        "best_final_test_phi": null
      },
      "1.0": {
        "mean_test_accuracy": 0.6949152542372882,
        "std_test_accuracy": 0.0,
        "mean_final_test_phi": null,
        "std_final_test_phi": null,
        "best_test_accuracy": 0.6949152542372882,
        "best_final_test_phi": null
      }
    }
  },
  "completed_timestamp": "2025-11-30T21:50:29.344171"
}